[
  {
    "رقم الجلوس": 101,
    "الاســــــــــــــــــم": "أحمد السيد فتحى سليم",
    "عدد ايام الغياب": 7,
    "اللغة العربية": 66,
    "اللغة الإنجليزية": 48,
    "الرياضيات": 47,
    "العلوم المتكاملة": 51,
    "التاريخ": 50,
    "الفلسفة والمنطق": 43,
    "المجموع الكلي": 305,
    "التربية الدينية": 40,
    "اللغة الأجنبية الثانية": 26,
    "التربية الوطنية": 9,
    "نشاط تربوي": 8,
    "تربية رياضية": 9,
    "تربية مهنية": 17,
    "عدد مواد الرسوب": 0,
    "نتيجة الطالب": "ناجح"
  },
  {
    "رقم الجلوس": 102,
    "الاســــــــــــــــــم": "اسلام بزيد ذكى محمد",
    "عدد ايام الغياب": 4,
    "اللغة العربية": 65,
    "اللغة الإنجليزية": 43,
    "الرياضيات": 39,
    "العلوم المتكاملة": 49,
    "التاريخ": 42,
    "الفلسفة والمنطق": 38,
    "المجموع الكلي": 275,
    "التربية الدينية": 37,
    "اللغة الأجنبية الثانية": 26,
    "التربية الوطنية": 9,
    "نشاط تربوي": 9,
    "تربية رياضية": 9,
    "تربية مهنية": 17,
    "عدد مواد الرسوب": 0,
    "نتيجة الطالب": "ناجح"
  },
  {
    "رقم الجلوس": 103,
    "الاســــــــــــــــــم": "بشير رجب أبوالفتوح صالح",
    "عدد ايام الغياب": 3,
    "اللغة العربية": 68,
    "اللغة الإنجليزية": 50,
    "الرياضيات": 46,
    "العلوم المتكاملة": 54,
    "التاريخ": 52,
    "الفلسفة والمنطق": 44,
    "المجموع الكلي": 312,
    "التربية الدينية": 40,
    "اللغة الأجنبية الثانية": 26,
    "التربية الوطنية": 8,
    "نشاط تربوي": 9,
    "تربية رياضية": 9,
    "تربية مهنية": 15,
    "عدد مواد الرسوب": 0,
    "نتيجة الطالب": "ناجح"
  },
  {
    "رقم الجلوس": 104,
    "الاســــــــــــــــــم": "حسام رامى محمد عطيه رمضان",
    "عدد ايام الغياب": 8,
    "اللغة العربية": 64,
    "اللغة الإنجليزية": 53,
    "الرياضيات": 38,
    "العلوم المتكاملة": 55,
    "التاريخ": 42,
    "الفلسفة والمنطق": 45,
    "المجموع الكلي": 296,
    "التربية الدينية": 39,
    "اللغة الأجنبية الثانية": 27,
    "التربية الوطنية": 9,
    "نشاط تربوي": 8,
    "تربية رياضية": 9,
    "تربية مهنية": 16,
    "عدد مواد الرسوب": 0,
    "نتيجة الطالب": "ناجح"
  },
  {
    "رقم الجلوس": 105,
    "الاســــــــــــــــــم": "حسين خميس حسين صالح حسين",
    "عدد ايام الغياب": 2,
    "اللغة العربية": 65,
    "اللغة الإنجليزية": 45,
    "الرياضيات": 40,
    "العلوم المتكاملة": 51,
    "التاريخ": 46,
    "الفلسفة والمنطق": 47,
    "المجموع الكلي": 293,
    "التربية الدينية": 38,
    "اللغة الأجنبية الثانية": 25,
    "التربية الوطنية": 9,
    "نشاط تربوي": 9,
    "تربية رياضية": 9,
    "تربية مهنية": 15,
    "عدد مواد الرسوب": 0,
    "نتيجة الطالب": "ناجح"
  },
  {
    "رقم الجلوس": 106,
    "الاســــــــــــــــــم": "حمدي أحمد حسين أحمد عمارة",
    "عدد ايام الغياب": 0,
    "اللغة العربية": 67,
    "اللغة الإنجليزية": 47,
    "الرياضيات": 51,
    "العلوم المتكاملة": 50,
    "التاريخ": 49,
    "الفلسفة والمنطق": 46,
    "المجموع الكلي": 309,
    "التربية الدينية": 38,
    "اللغة الأجنبية الثانية": 24,
    "التربية الوطنية": 9,
    "نشاط تربوي": 8,
    "تربية رياضية": 9,
    "تربية مهنية": 16,
    "عدد مواد الرسوب": 0,
    "نتيجة الطالب": "ناجح"
  },
  {
    "رقم الجلوس": 107,
    "الاســــــــــــــــــم": "سعد عون عبدالهادى حميده",
    "عدد ايام الغياب": 3,
    "اللغة العربية": 68,
    "اللغة الإنجليزية": 49,
    "الرياضيات": 40,
    "العلوم المتكاملة": 53,
    "التاريخ": 42,
    "الفلسفة والمنطق": 42,
    "المجموع الكلي": 292,
    "التربية الدينية": 38,
    "اللغة الأجنبية الثانية": 26,
    "التربية الوطنية": 9,
    "نشاط تربوي": 8,
    "تربية رياضية": 9,
    "تربية مهنية": 16,
    "عدد مواد الرسوب": 0,
    "نتيجة الطالب": "ناجح"
  },
  {
    "رقم الجلوس": 108,
    "الاســــــــــــــــــم": "عبدالرحمن احمد السيد حسن السيد",
    "عدد ايام الغياب": 3,
    "اللغة العربية": 65,
    "اللغة الإنجليزية": 49,
    "الرياضيات": 38,
    "العلوم المتكاملة": 47,
    "التاريخ": 44,
    "الفلسفة والمنطق": 37,
    "المجموع الكلي": 279,
    "التربية الدينية": 39,
    "اللغة الأجنبية الثانية": 25,
    "التربية الوطنية": 9,
    "نشاط تربوي": 8,
    "تربية رياضية": 9,
    "تربية مهنية": 16,
    "عدد مواد الرسوب": 0,
    "نتيجة الطالب": "ناجح"
  },
  {
    "رقم الجلوس": 109,
    "الاســــــــــــــــــم": "عطيه محمد عطيه عبدالرحمن زيد",
    "عدد ايام الغياب": 4,
    "اللغة العربية": 67,
    "اللغة الإنجليزية": 48,
    "الرياضيات": 44,
    "العلوم المتكاملة": 51,
    "التاريخ": 44,
    "الفلسفة والمنطق": 40,
    "المجموع الكلي": 294,
    "التربية الدينية": 39,
    "اللغة الأجنبية الثانية": 25,
    "التربية الوطنية": 9,
    "نشاط تربوي": 9,
    "تربية رياضية": 9,
    "تربية مهنية": 16,
    "عدد مواد الرسوب": 0,
    "نتيجة الطالب": "ناجح"
  },
  {
    "رقم الجلوس": 110,
    "الاســــــــــــــــــم": "محمد رزق رياض محليس",
    "عدد ايام الغياب": 2,
    "اللغة العربية": 62,
    "اللغة الإنجليزية": 43,
    "الرياضيات": 35,
    "العلوم المتكاملة": 47,
    "التاريخ": 43,
    "الفلسفة والمنطق": 39,
    "المجموع الكلي": 268,
    "التربية الدينية": 39,
    "اللغة الأجنبية الثانية": 24,
    "التربية الوطنية": 9,
    "نشاط تربوي": 8,
    "تربية رياضية": 9,
    "تربية مهنية": 15,
    "عدد مواد الرسوب": 0,
    "نتيجة الطالب": "ناجح"
  },
  {
    "رقم الجلوس": 111,
    "الاســــــــــــــــــم": "محمد صلاح محمد عبدالرحمن غريب",
    "عدد ايام الغياب": 3,
    "اللغة العربية": 62,
    "اللغة الإنجليزية": 43,
    "الرياضيات": 34,
    "العلوم المتكاملة": 45,
    "التاريخ": 40,
    "الفلسفة والمنطق": 37,
    "المجموع الكلي": 260,
    "التربية الدينية": 38,
    "اللغة الأجنبية الثانية": 26,
    "التربية الوطنية": 8,
    "نشاط تربوي": 9,
    "تربية رياضية": 9,
    "تربية مهنية": 15,
    "عدد مواد الرسوب": 0,
    "نتيجة الطالب": "ناجح"
  },
  {
    "رقم الجلوس": 112,
    "الاســــــــــــــــــم": "محمد محمود عطيه عبدالرحمن زيد",
    "عدد ايام الغياب": 4,
    "اللغة العربية": 64,
    "اللغة الإنجليزية": 47,
    "الرياضيات": 48,
    "العلوم المتكاملة": 49,
    "التاريخ": 42,
    "الفلسفة والمنطق": 39,
    "المجموع الكلي": 288,
    "التربية الدينية": 38,
    "اللغة الأجنبية الثانية": 26,
    "التربية الوطنية": 8,
    "نشاط تربوي": 9,
    "تربية رياضية": 9,
    "تربية مهنية": 16,
    "عدد مواد الرسوب": 0,
    "نتيجة الطالب": "ناجح"
  },
  {
    "رقم الجلوس": 113,
    "الاســــــــــــــــــم": "محمد وجدى دسوقى ذكى شاهين",
    "عدد ايام الغياب": 5,
    "اللغة العربية": 62,
    "اللغة الإنجليزية": 41,
    "الرياضيات": 40,
    "العلوم المتكاملة": 47,
    "التاريخ": 42,
    "الفلسفة والمنطق": 46,
    "المجموع الكلي": 276,
    "التربية الدينية": 39,
    "اللغة الأجنبية الثانية": 26,
    "التربية الوطنية": 9,
    "نشاط تربوي": 8,
    "تربية رياضية": 9,
    "تربية مهنية": 16,
    "عدد مواد الرسوب": 0,
    "نتيجة الطالب": "ناجح"
  },
  {
    "رقم الجلوس": 114,
    "الاســــــــــــــــــم": "ياسين احمد حسين جادالله هارون",
    "عدد ايام الغياب": 4,
    "اللغة العربية": 71,
    "اللغة الإنجليزية": 49,
    "الرياضيات": 41,
    "العلوم المتكاملة": 51,
    "التاريخ": 44,
    "الفلسفة والمنطق": 46,
    "المجموع الكلي": 300,
    "التربية الدينية": 39,
    "اللغة الأجنبية الثانية": 27,
    "التربية الوطنية": 9,
    "نشاط تربوي": 9,
    "تربية رياضية": 9,
    "تربية مهنية": 16,
    "عدد مواد الرسوب": 0,
    "نتيجة الطالب": "ناجح"
  },
  {
    "رقم الجلوس": 115,
    "الاســــــــــــــــــم": "اروى اسامة ابراهيم عبدالقادر عمارة",
    "عدد ايام الغياب": 7,
    "اللغة العربية": 64,
    "اللغة الإنجليزية": 46,
    "الرياضيات": 44,
    "العلوم المتكاملة": 45,
    "التاريخ": 45,
    "الفلسفة والمنطق": 48,
    "المجموع الكلي": 291,
    "التربية الدينية": 38,
    "اللغة الأجنبية الثانية": 30,
    "التربية الوطنية": 9,
    "نشاط تربوي": 9,
    "تربية رياضية": 9,
    "تربية مهنية": 16,
    "عدد مواد الرسوب": 0,
    "نتيجة الطالب": "ناجح"
  },
  {
    "رقم الجلوس": 116,
    "الاســــــــــــــــــم": "اسماء محمود خميس بيطح",
    "عدد ايام الغياب": 6,
    "اللغة العربية": 71,
    "اللغة الإنجليزية": 53,
    "الرياضيات": 57,
    "العلوم المتكاملة": 57,
    "التاريخ": 52,
    "الفلسفة والمنطق": 58,
    "المجموع الكلي": 346,
    "التربية الدينية": 40,
    "اللغة الأجنبية الثانية": 33,
    "التربية الوطنية": 9,
    "نشاط تربوي": 9,
    "تربية رياضية": 9,
    "تربية مهنية": 18,
    "عدد مواد الرسوب": 0,
    "نتيجة الطالب": "ناجح"
  },
  {
    "رقم الجلوس": 117,
    "الاســــــــــــــــــم": "أمل محمد عبدالله محمودعبدالودود",
    "عدد ايام الغياب": 5,
    "اللغة العربية": 69,
    "اللغة الإنجليزية": 50,
    "الرياضيات": 48,
    "العلوم المتكاملة": 52,
    "التاريخ": 53,
    "الفلسفة والمنطق": 53,
    "المجموع الكلي": 324,
    "التربية الدينية": 39,
    "اللغة الأجنبية الثانية": 32,
    "التربية الوطنية": 9,
    "نشاط تربوي": 9,
    "تربية رياضية": 9,
    "تربية مهنية": 16,
    "عدد مواد الرسوب": 0,
    "نتيجة الطالب": "ناجح"
  },
  {
    "رقم الجلوس": 118,
    "الاســــــــــــــــــم": "أمل مساعد عبد الحليم شامخ فرج",
    "عدد ايام الغياب": 6,
    "اللغة العربية": 69,
    "اللغة الإنجليزية": 50,
    "الرياضيات": 44,
    "العلوم المتكاملة": 53,
    "التاريخ": 51,
    "الفلسفة والمنطق": 56,
    "المجموع الكلي": 321,
    "التربية الدينية": 39,
    "اللغة الأجنبية الثانية": 27,
    "التربية الوطنية": 9,
    "نشاط تربوي": 8,
    "تربية رياضية": 9,
    "تربية مهنية": 17,
    "عدد مواد الرسوب": 0,
    "نتيجة الطالب": "ناجح"
  },
  {
    "رقم الجلوس": 119,
    "الاســــــــــــــــــم": "امنية ماهر سعد وهدان",
    "عدد ايام الغياب": 8,
    "اللغة العربية": 66,
    "اللغة الإنجليزية": 45,
    "الرياضيات": 45,
    "العلوم المتكاملة": 49,
    "التاريخ": 49,
    "الفلسفة والمنطق": 50,
    "المجموع الكلي": 303,
    "التربية الدينية": 40,
    "اللغة الأجنبية الثانية": 28,
    "التربية الوطنية": 9,
    "نشاط تربوي": 8,
    "تربية رياضية": 9,
    "تربية مهنية": 17,
    "عدد مواد الرسوب": 0,
    "نتيجة الطالب": "ناجح"
  },
  {
    "رقم الجلوس": 120,
    "الاســــــــــــــــــم": "آية أيمن عادل ذكي رياض",
    "عدد ايام الغياب": 3,
    "اللغة العربية": 65,
    "اللغة الإنجليزية": 48,
    "الرياضيات": 47,
    "العلوم المتكاملة": 53,
    "التاريخ": 45,
    "الفلسفة والمنطق": 49,
    "المجموع الكلي": 306,
    "التربية الدينية": 39,
    "اللغة الأجنبية الثانية": 27,
    "التربية الوطنية": 9,
    "نشاط تربوي": 8,
    "تربية رياضية": 9,
    "تربية مهنية": 16,
    "عدد مواد الرسوب": 0,
    "نتيجة الطالب": "ناجح"
  },
  {
    "رقم الجلوس": 121,
    "الاســــــــــــــــــم": "ايمان علام محمد عبد الحميد مبارك",
    "عدد ايام الغياب": 4,
    "اللغة العربية": 64,
    "اللغة الإنجليزية": 46,
    "الرياضيات": 55,
    "العلوم المتكاملة": 50,
    "التاريخ": 45,
    "الفلسفة والمنطق": 52,
    "المجموع الكلي": 311,
    "التربية الدينية": 37,
    "اللغة الأجنبية الثانية": 30,
    "التربية الوطنية": 9,
    "نشاط تربوي": 8,
    "تربية رياضية": 9,
    "تربية مهنية": 15,
    "عدد مواد الرسوب": 0,
    "نتيجة الطالب": "ناجح"
  },
  {
    "رقم الجلوس": 122,
    "الاســــــــــــــــــم": "ايمان محمد عبدالحميد محمد عبدالحميد",
    "عدد ايام الغياب": 7,
    "اللغة العربية": 70,
    "اللغة الإنجليزية": 51,
    "الرياضيات": 49,
    "العلوم المتكاملة": 51,
    "التاريخ": 45,
    "الفلسفة والمنطق": 55,
    "المجموع الكلي": 320,
    "التربية الدينية": 37,
    "اللغة الأجنبية الثانية": 31,
    "التربية الوطنية": 9,
    "نشاط تربوي": 8,
    "تربية رياضية": 9,
    "تربية مهنية": 15,
    "عدد مواد الرسوب": 0,
    "نتيجة الطالب": "ناجح"
  },
  {
    "رقم الجلوس": 123,
    "الاســــــــــــــــــم": "بسمة غريب رمضان عباس عبد الحافظ",
    "عدد ايام الغياب": 6,
    "اللغة العربية": 67,
    "اللغة الإنجليزية": 46,
    "الرياضيات": 48,
    "العلوم المتكاملة": 51,
    "التاريخ": 51,
    "الفلسفة والمنطق": 56,
    "المجموع الكلي": 317,
    "التربية الدينية": 40,
    "اللغة الأجنبية الثانية": 31,
    "التربية الوطنية": 9,
    "نشاط تربوي": 8,
    "تربية رياضية": 9,
    "تربية مهنية": 17,
    "عدد مواد الرسوب": 0,
    "نتيجة الطالب": "ناجح"
  },
  {
    "رقم الجلوس": 124,
    "الاســــــــــــــــــم": "جنات خميس رزق السيد درويش",
    "عدد ايام الغياب": 9,
    "اللغة العربية": 68,
    "اللغة الإنجليزية": 51,
    "الرياضيات": 52,
    "العلوم المتكاملة": 53,
    "التاريخ": 49,
    "الفلسفة والمنطق": 50,
    "المجموع الكلي": 323,
    "التربية الدينية": 39,
    "اللغة الأجنبية الثانية": 33,
    "التربية الوطنية": 9,
    "نشاط تربوي": 8,
    "تربية رياضية": 9,
    "تربية مهنية": 17,
    "عدد مواد الرسوب": 0,
    "نتيجة الطالب": "ناجح"
  },
  {
    "رقم الجلوس": 125,
    "الاســــــــــــــــــم": "حنين محمد محمود حسن ابو السعود",
    "عدد ايام الغياب": 9,
    "اللغة العربية": 70,
    "اللغة الإنجليزية": 51,
    "الرياضيات": 58,
    "العلوم المتكاملة": 53,
    "التاريخ": 51,
    "الفلسفة والمنطق": 54,
    "المجموع الكلي": 337,
    "التربية الدينية": 39,
    "اللغة الأجنبية الثانية": 33,
    "التربية الوطنية": 9,
    "نشاط تربوي": 8,
    "تربية رياضية": 9,
    "تربية مهنية": 16,
    "عدد مواد الرسوب": 0,
    "نتيجة الطالب": "ناجح"
  },
  {
    "رقم الجلوس": 126,
    "الاســــــــــــــــــم": "زهيره محمد على عبد الجيد عبد الجواد",
    "عدد ايام الغياب": 4,
    "اللغة العربية": 65,
    "اللغة الإنجليزية": 49,
    "الرياضيات": 50,
    "العلوم المتكاملة": 49,
    "التاريخ": 50,
    "الفلسفة والمنطق": 55,
    "المجموع الكلي": 317,
    "التربية الدينية": 39,
    "اللغة الأجنبية الثانية": 32,
    "التربية الوطنية": 9,
    "نشاط تربوي": 8,
    "تربية رياضية": 9,
    "تربية مهنية": 16,
    "عدد مواد الرسوب": 0,
    "نتيجة الطالب": "ناجح"
  },
  {
    "رقم الجلوس": 127,
    "الاســــــــــــــــــم": "ساميه عبد الحميد رمضان حامد محمد ابوطاحون",
    "عدد ايام الغياب": 4,
    "اللغة العربية": 68,
    "اللغة الإنجليزية": 47,
    "الرياضيات": 57,
    "العلوم المتكاملة": 49,
    "التاريخ": 49,
    "الفلسفة والمنطق": 53,
    "المجموع الكلي": 322,
    "التربية الدينية": 39,
    "اللغة الأجنبية الثانية": 33,
    "التربية الوطنية": 9,
    "نشاط تربوي": 8,
    "تربية رياضية": 9,
    "تربية مهنية": 15,
    "عدد مواد الرسوب": 0,
    "نتيجة الطالب": "ناجح"
  },
  {
    "رقم الجلوس": 128,
    "الاســــــــــــــــــم": "سما محمود عبد اللطيف زكى شاهين",
    "عدد ايام الغياب": 3,
    "اللغة العربية": 67,
    "اللغة الإنجليزية": 49,
    "الرياضيات": 54,
    "العلوم المتكاملة": 52,
    "التاريخ": 53,
    "الفلسفة والمنطق": 52,
    "المجموع الكلي": 325,
    "التربية الدينية": 40,
    "اللغة الأجنبية الثانية": 33,
    "التربية الوطنية": 9,
    "نشاط تربوي": 9,
    "تربية رياضية": 9,
    "تربية مهنية": 16,
    "عدد مواد الرسوب": 0,
    "نتيجة الطالب": "ناجح"
  },
  {
    "رقم الجلوس": 129,
    "الاســــــــــــــــــم": "شادية أيمن رمضان عباس عبد الصمد",
    "عدد ايام الغياب": 8,
    "اللغة العربية": 65,
    "اللغة الإنجليزية": 44,
    "الرياضيات": 51,
    "العلوم المتكاملة": 47,
    "التاريخ": 46,
    "الفلسفة والمنطق": 54,
    "المجموع الكلي": 306,
    "التربية الدينية": 40,
    "اللغة الأجنبية الثانية": 32,
    "التربية الوطنية": 9,
    "نشاط تربوي": 9,
    "تربية رياضية": 9,
    "تربية مهنية": 17,
    "عدد مواد الرسوب": 0,
    "نتيجة الطالب": "ناجح"
  },
  {
    "رقم الجلوس": 130,
    "الاســــــــــــــــــم": "شروق احمد فرج عمر بدر",
    "عدد ايام الغياب": 2,
    "اللغة العربية": 65,
    "اللغة الإنجليزية": 48,
    "الرياضيات": 53,
    "العلوم المتكاملة": 47,
    "التاريخ": 50,
    "الفلسفة والمنطق": 54,
    "المجموع الكلي": 316,
    "التربية الدينية": 39,
    "اللغة الأجنبية الثانية": 32,
    "التربية الوطنية": 9,
    "نشاط تربوي": 9,
    "تربية رياضية": 9,
    "تربية مهنية": 17,
    "عدد مواد الرسوب": 0,
    "نتيجة الطالب": "ناجح"
  },
  {
    "رقم الجلوس": 131,
    "الاســــــــــــــــــم": "فاطمة عماد محمد أحمدعبد الفتاح",
    "عدد ايام الغياب": 0,
    "اللغة العربية": 65,
    "اللغة الإنجليزية": 46,
    "الرياضيات": 45,
    "العلوم المتكاملة": 48,
    "التاريخ": 44,
    "الفلسفة والمنطق": 49,
    "المجموع الكلي": 296,
    "التربية الدينية": 38,
    "اللغة الأجنبية الثانية": 30,
    "التربية الوطنية": 9,
    "نشاط تربوي": 9,
    "تربية رياضية": 9,
    "تربية مهنية": 16,
    "عدد مواد الرسوب": 0,
    "نتيجة الطالب": "ناجح"
  },
  {
    "رقم الجلوس": 132,
    "الاســــــــــــــــــم": "فرحه حمادة ناجى عبدالعافى حميده",
    "عدد ايام الغياب": 4,
    "اللغة العربية": 64,
    "اللغة الإنجليزية": 46,
    "الرياضيات": 47,
    "العلوم المتكاملة": 47,
    "التاريخ": 50,
    "الفلسفة والمنطق": 51,
    "المجموع الكلي": 303,
    "التربية الدينية": 39,
    "اللغة الأجنبية الثانية": 28,
    "التربية الوطنية": 9,
    "نشاط تربوي": 9,
    "تربية رياضية": 9,
    "تربية مهنية": 15,
    "عدد مواد الرسوب": 0,
    "نتيجة الطالب": "ناجح"
  },
  {
    "رقم الجلوس": 133,
    "الاســــــــــــــــــم": "مريم محمود فؤاد خليفة",
    "عدد ايام الغياب": 3,
    "اللغة العربية": 64,
    "اللغة الإنجليزية": 49,
    "الرياضيات": 47,
    "العلوم المتكاملة": 52,
    "التاريخ": 52,
    "الفلسفة والمنطق": 52,
    "المجموع الكلي": 315,
    "التربية الدينية": 38,
    "اللغة الأجنبية الثانية": 32,
    "التربية الوطنية": 9,
    "نشاط تربوي": 8,
    "تربية رياضية": 9,
    "تربية مهنية": 16,
    "عدد مواد الرسوب": 0,
    "نتيجة الطالب": "ناجح"
  },
  {
    "رقم الجلوس": 134,
    "الاســــــــــــــــــم": "ملك أحمد محمد أبو نعمه",
    "عدد ايام الغياب": 5,
    "اللغة العربية": 71,
    "اللغة الإنجليزية": 52,
    "الرياضيات": 47,
    "العلوم المتكاملة": 53,
    "التاريخ": 52,
    "الفلسفة والمنطق": 54,
    "المجموع الكلي": 328,
    "التربية الدينية": 39,
    "اللغة الأجنبية الثانية": 33,
    "التربية الوطنية": 9,
    "نشاط تربوي": 8,
    "تربية رياضية": 9,
    "تربية مهنية": 17,
    "عدد مواد الرسوب": 0,
    "نتيجة الطالب": "ناجح"
  },
  {
    "رقم الجلوس": 135,
    "الاســــــــــــــــــم": "ملك إسماعيل محمود الطوابه",
    "عدد ايام الغياب": 6,
    "اللغة العربية": 71,
    "اللغة الإنجليزية": 54,
    "الرياضيات": 53,
    "العلوم المتكاملة": 54,
    "التاريخ": 55,
    "الفلسفة والمنطق": 56,
    "المجموع الكلي": 341,
    "التربية الدينية": 40,
    "اللغة الأجنبية الثانية": 33,
    "التربية الوطنية": 9,
    "نشاط تربوي": 8,
    "تربية رياضية": 9,
    "تربية مهنية": 16,
    "عدد مواد الرسوب": 0,
    "نتيجة الطالب": "ناجح"
  },
  {
    "رقم الجلوس": 136,
    "الاســــــــــــــــــم": "ملك محمد عطية مرسى محمد",
    "عدد ايام الغياب": 8,
    "اللغة العربية": 72,
    "اللغة الإنجليزية": 52,
    "الرياضيات": 59,
    "العلوم المتكاملة": 55,
    "التاريخ": 50,
    "الفلسفة والمنطق": 55,
    "المجموع الكلي": 342,
    "التربية الدينية": 40,
    "اللغة الأجنبية الثانية": 31,
    "التربية الوطنية": 9,
    "نشاط تربوي": 8,
    "تربية رياضية": 9,
    "تربية مهنية": 16,
    "عدد مواد الرسوب": 0,
    "نتيجة الطالب": "ناجح"
  },
  {
    "رقم الجلوس": 137,
    "الاســــــــــــــــــم": "نداء حمام احمد مرسي عبد الله",
    "عدد ايام الغياب": 6,
    "اللغة العربية": 67,
    "اللغة الإنجليزية": 48,
    "الرياضيات": 57,
    "العلوم المتكاملة": 51,
    "التاريخ": 48,
    "الفلسفة والمنطق": 53,
    "المجموع الكلي": 324,
    "التربية الدينية": 40,
    "اللغة الأجنبية الثانية": 31,
    "التربية الوطنية": 9,
    "نشاط تربوي": 8,
    "تربية رياضية": 9,
    "تربية مهنية": 16,
    "عدد مواد الرسوب": 0,
    "نتيجة الطالب": "ناجح"
  },
  {
    "رقم الجلوس": 138,
    "الاســــــــــــــــــم": "ندى حلمى محمود عبد القادر",
    "عدد ايام الغياب": 3,
    "اللغة العربية": 70,
    "اللغة الإنجليزية": 48,
    "الرياضيات": 51,
    "العلوم المتكاملة": 50,
    "التاريخ": 50,
    "الفلسفة والمنطق": 54,
    "المجموع الكلي": 322,
    "التربية الدينية": 39,
    "اللغة الأجنبية الثانية": 32,
    "التربية الوطنية": 9,
    "نشاط تربوي": 9,
    "تربية رياضية": 9,
    "تربية مهنية": 16,
    "عدد مواد الرسوب": 0,
    "نتيجة الطالب": "ناجح"
  },
  {
    "رقم الجلوس": 139,
    "الاســــــــــــــــــم": "ندى محمد عبدالعاطى عطيه منيسى",
    "عدد ايام الغياب": 10,
    "اللغة العربية": 67,
    "اللغة الإنجليزية": 45,
    "الرياضيات": 49,
    "العلوم المتكاملة": 47,
    "التاريخ": 49,
    "الفلسفة والمنطق": 52,
    "المجموع الكلي": 307,
    "التربية الدينية": 38,
    "اللغة الأجنبية الثانية": 31,
    "التربية الوطنية": 9,
    "نشاط تربوي": 8,
    "تربية رياضية": 9,
    "تربية مهنية": 16,
    "عدد مواد الرسوب": 0,
    "نتيجة الطالب": "ناجح"
  },
  {
    "رقم الجلوس": 140,
    "الاســــــــــــــــــم": "ندى محمد محمود بديوي",
    "عدد ايام الغياب": 7,
    "اللغة العربية": 68,
    "اللغة الإنجليزية": 48,
    "الرياضيات": 45,
    "العلوم المتكاملة": 49,
    "التاريخ": 52,
    "الفلسفة والمنطق": 51,
    "المجموع الكلي": 312,
    "التربية الدينية": 39,
    "اللغة الأجنبية الثانية": 30,
    "التربية الوطنية": 9,
    "نشاط تربوي": 8,
    "تربية رياضية": 9,
    "تربية مهنية": 15,
    "عدد مواد الرسوب": 0,
    "نتيجة الطالب": "ناجح"
  },
  {
    "رقم الجلوس": 141,
    "الاســــــــــــــــــم": "نسرين سالم محمد محمد",
    "عدد ايام الغياب": 7,
    "اللغة العربية": 73,
    "اللغة الإنجليزية": 53,
    "الرياضيات": 50,
    "العلوم المتكاملة": 55,
    "التاريخ": 52,
    "الفلسفة والمنطق": 54,
    "المجموع الكلي": 335,
    "التربية الدينية": 40,
    "اللغة الأجنبية الثانية": 33,
    "التربية الوطنية": 9,
    "نشاط تربوي": 8,
    "تربية رياضية": 9,
    "تربية مهنية": 16,
    "عدد مواد الرسوب": 0,
    "نتيجة الطالب": "ناجح"
  },
  {
    "رقم الجلوس": 142,
    "الاســــــــــــــــــم": "نورهان نبيل محمد ابراهيم حجاج",
    "عدد ايام الغياب": 7,
    "اللغة العربية": 69,
    "اللغة الإنجليزية": 50,
    "الرياضيات": 53,
    "العلوم المتكاملة": 56,
    "التاريخ": 52,
    "الفلسفة والمنطق": 56,
    "المجموع الكلي": 335,
    "التربية الدينية": 39,
    "اللغة الأجنبية الثانية": 31,
    "التربية الوطنية": 9,
    "نشاط تربوي": 8,
    "تربية رياضية": 9,
    "تربية مهنية": 16,
    "عدد مواد الرسوب": 0,
    "نتيجة الطالب": "ناجح"
  },
  {
    "رقم الجلوس": 143,
    "الاســــــــــــــــــم": "همسة إبراهيم محمد إبراهيم عويس",
    "عدد ايام الغياب": 7,
    "اللغة العربية": 71,
    "اللغة الإنجليزية": 48,
    "الرياضيات": 48,
    "العلوم المتكاملة": 51,
    "التاريخ": 50,
    "الفلسفة والمنطق": 52,
    "المجموع الكلي": 318,
    "التربية الدينية": 38,
    "اللغة الأجنبية الثانية": 31,
    "التربية الوطنية": 9,
    "نشاط تربوي": 8,
    "تربية رياضية": 9,
    "تربية مهنية": 16,
    "عدد مواد الرسوب": 0,
    "نتيجة الطالب": "ناجح"
  },
  {
    "رقم الجلوس": 144,
    "الاســــــــــــــــــم": "ياسمين فتحى جمال محمد الملاح",
    "عدد ايام الغياب": 3,
    "اللغة العربية": 67,
    "اللغة الإنجليزية": 45,
    "الرياضيات": 56,
    "العلوم المتكاملة": 50,
    "التاريخ": 43,
    "الفلسفة والمنطق": 54,
    "المجموع الكلي": 314,
    "التربية الدينية": 39,
    "اللغة الأجنبية الثانية": 31,
    "التربية الوطنية": 9,
    "نشاط تربوي": 8,
    "تربية رياضية": 9,
    "تربية مهنية": 17,
    "عدد مواد الرسوب": 0,
    "نتيجة الطالب": "ناجح"
  }
]